,PatchTST,GARCH,Kalman
MSE,9.626764763062909e-05,0.00019080983195341256,0.00017211032358041353
MAE,0.007670763101722398,0.011147245224713272,0.010168267517628695
QLIKE,-6.363192597520901,-6.170877624114152,-6.159088600805889
DirAcc,0.4935897435897436,0.4700854700854701,0.33760683760683763
